first_name;last_name;email;gender;ip_address
Marina;Struan;mstruan0@theatlantic.com;Female;48.139.186.209
Rowan;Muldrew;rmuldrew1@globo.com;Male;171.78.22.254
Kenneth;Arnke;karnke2@miitbeian.gov.cn;Male;211.243.10.62
Neddy;Bwye;nbwye3@mit.edu;Male;201.34.250.141
Idelle;Reside;ireside4@webmd.com;Male;186.19.98.241
Joanne;Eglaise;jeglaise5@slashdot.org;Female;202.110.153.216
Clare;Dyson;cdyson6@diigo.com;Female;20.199.104.92
Frazer;Dealey;fdealey7@reverbnation.com;Male;178.130.69.210
Dallon;Gallager;dgallager8@arstechnica.com;Male;250.178.8.91
Pepito;Frear;pfrear9@springer.com;Male;108.78.244.240
Philbert;Menault;pmenaulta@paginegialle.it;Male;237.144.83.175
Martguerita;Mocher;mmocherb@psu.edu;Female;72.17.132.30
Kial;Aleksich;kaleksichc@hugedomains.com;Female;60.129.217.186
Jim;Godly;jgodlyd@nsw.gov.au;Male;132.234.237.205
Benyamin;Devers;bdeverse@hubpages.com;Male;146.144.98.86
Aaron;Pickles;apicklesf@miibeian.gov.cn;Male;26.128.213.101
Wildon;Chedzoy;wchedzoyg@dion.ne.jp;Male;9.166.127.163
Gillan;Wands;gwandsh@xrea.com;Female;176.232.36.75
Huntley;Scoles;hscolesi@vk.com;Male;70.130.154.64
Tonie;Hallowell;thallowellj@paginegialle.it;Female;84.130.183.67
Norina;Stienton;nstientonk@oaic.gov.au;Female;81.20.40.14
Lexy;Ewells;lewellsl@bravesites.com;Female;196.85.93.106
Maximilien;Kinny;mkinnym@tuttocitta.it;Male;5.47.3.197
Kristan;Blazej;kblazejn@zdnet.com;Male;109.145.239.29
Tresa;Wasielewski;twasielewskio@example.com;Female;164.173.111.39
Jelene;Tindall;jtindallp@shinystat.com;Female;238.58.50.176
Nicolis;Anglin;nanglinq@miibeian.gov.cn;Male;28.67.22.198
Gladi;Bridgnell;gbridgnellr@newyorker.com;Female;120.247.109.211
Tymothy;Finlow;tfinlows@nih.gov;Male;163.184.208.170
Arleta;Rustidge;arustidget@va.gov;Female;39.218.204.238
Charita;Cresser;ccresseru@nba.com;Female;71.243.92.223
Adrian;McKeran;amckeranv@istockphoto.com;Female;10.17.81.170
Conny;Shoreman;cshoremanw@qq.com;Male;3.41.128.128
Flossie;Elsom;felsomx@bloglines.com;Female;255.179.197.13
Lucille;Kerins;lkerinsy@boston.com;Female;11.248.7.145
Chelsae;Twallin;ctwallinz@pagesperso-orange.fr;Female;168.40.147.47
Brody;Yelland;byelland10@google.pl;Male;24.52.80.210
Wain;Ferroli;wferroli11@google.fr;Male;52.6.84.183
Francois;Gerg;fgerg12@sciencedaily.com;Male;233.138.138.210
Bernardine;Lory;blory13@deviantart.com;Female;151.108.146.153
Gilda;Grahl;ggrahl14@sciencedaily.com;Female;154.145.77.126
Lorenza;Penella;lpenella15@wp.com;Female;125.84.177.62
Rowney;Rozycki;rrozycki16@wikia.com;Male;182.57.236.69
Deny;Toffoletto;dtoffoletto17@pen.io;Female;163.176.52.218
Thaddus;Frude;tfrude18@walmart.com;Male;210.51.188.56
Gregorius;McGifford;gmcgifford19@sitemeter.com;Male;138.214.253.170
Lyndel;Caudrey;lcaudrey1a@wp.com;Female;38.198.36.136
Kyle;Attwood;kattwood1b@mlb.com;Female;183.254.70.5
Meagan;Pinnick;mpinnick1c@smh.com.au;Female;84.244.93.220
Perceval;Penning;ppenning1d@icq.com;Male;16.43.56.143
